id,name,barcode,envases_por_bulto,bultos_por_m3,envases_por_m3,cadencia_unidades_h,peso_envase,tipo_tapa,maquina,maquina_alternativa,operarios,palletizadores
1,Fco 160cc F 1/3 Presión,1650130,240,15,3600,570,0.010,Ø65 PRESION,5,19,1.0,0.2
2,Fco 180cc F 1/2,16501201,192,15,2880,1100,0.013,Ø65 PRESION,5,19,1.0,0.2
3,Fco 250cc F 1/1 ,1650110,532,6,3192,600,0.017,Ø65 PRESION,5,19,1.0,0.2
4,Fco 370cc F 1 ,1650011,456,6,2736,1100,0.020,Ø65 PRESION,5,19,1.0,0.2
5,Fco 520cc F 2 ,1650020,300,6,1800,570,0.024,Ø65 PRESION,5,19,1.0,0.2
6,Fco 720cc PVC F3/2,1650031,200,6,1200,1000,0.032,Ø65 PRESION,14,No ,1.0,0.2
7,Fco 1050cc F 5 Redondo ,1100050,140,6,840,580,0.037,Ø100 PRESION,14,7,1.0,0.2
8,Fco 1050cc F 5 Redondo Blanco,1100052,140,6,840,580,0.037,Ø100 PRESION,14,7,1.0,0.2
9,Fco 1500cc F 9 Redondo CON ASA Ø70,1650090,300,2,600,810,0.055,Ø100 PRESION,14,7,2.0,0.2
10,Fco 1500cc F 9/2 Redondo ,1100920,344,2,688,810,0.055,Ø100 PRESION,14,7,1.0,0.2
11,Fco 3050cc F 10/3 Redondo Rosca,1130011,180,2,360,600,0.100,Ø100 ROSCA,7,26,1.0,0.2
12,Fco 3050cc F 10/2 Redondo Presión Blanco,1100103,180,2,360,600,0.100,Ø100 PRESION,7,26,1.0,0.2
13,Fco 3050cc F 10/2 Redondo Presión,10010010,180,2,360,600,0.100,Ø100 PRESION,7,26,1.0,0.2
14,Fco 3050 Cc F 10 Cuadrado Presión,2257,189,2,378,600,0.107,Ø100 PRESION,7,26,1.0,0.2
15,Fco 7500cc F11/2 Cuadrado Presión PVC ,8750140,144,1,144,350,0.170,Ø100 PRESION,26,No,1.0,0.2
16,Fco 7500cc F11 Cuadrado Presión PP,8750110,144,1,144,350,0.155,Ø100 PRESION,26,No,1.0,0.2
17,Especiero 230cc T/Rosca,1410250,690,6,4140,1000,0.016,Ø38 ESPECIAS,5,19,1.0,0.2
18,Especiero 230cc Pvc T/Rosca Molinillo,1411250,690,6,4140,1000,0.016,NO,5,19,1.0,0.2
19,Especiero 370cc Pvc T/Rosca D62,1410380,400,6,2400,1000,0.021,Ø62 ESPECIAS,5,19,1.0,0.2
20,Bot T18 18cc Pvc Mod Zucardi Verde Olivo,1400265326501,1800,15,27000,1700,0.007,NO,4,No,1.0,0.2
21,Bot T18 25cc Pvc Mod cuadrado Cristal,1402501,1440,15,21600,1700,0.008,Ø18 ROSCA,4,No,1.0,0.2
22,Bot T18 25cc Pvc Mod cuadrado Verde Olivo,1402504,1440,15,21600,1700,0.008,Ø18 ROSCA,4,No,1.0,0.2
23,Bot T18 30cc Pvc Mod Esencia Vainilla,1400360,1056,15,15840,1700,0.007,Ø18 ROSCA,4,No,1.0,0.2
24,Bot T18 50cc Pvc Mod Slim Rosca Cristal,1400560,1056,10,10560,1700,0.009,Ø18 ROSCA,4,No,1.0,0.2
25,Bot T18 50cc Pvc Mod Slim Rosca Verde Olivo,1400567,1056,10,10560,1700,0.009,Ø18 ROSCA,4,No,1.0,0.2
26,Bot T28 70cc Pvc Farmacologica Cristal,1400740,612,12,7344,1050,0.010,Ø28 FARMA,5,19,1.0,0.2
27,Bot T28 70cc Pvc Farmacologica Ambar,1400746,612,12,7344,1050,0.010,Ø28 FARMA,5,19,1.0,0.2
28,Bot 90cc Mod JAMER Blanco,1205050800602,990,6,5940,1100,0.008,NO,5,19,1.0,0.2
29,Bot T28 100cc Pvc Farmacologica Cristal,1401040,360,12,4320,1050,0.013,Ø28 FARMA,5,19,1.0,0.2
30,Bot T28 100cc Pvc Farmacologica Gotero Ambar,1401056,360,12,4320,1050,0.013,Ø28 FARMA c/Got,5,19,1.0,0.2
31,Bot T18 110 cc Pvc Mod Esencia Vainilla,1400160,576,6,3456,1700,0.014,Ø18 ROSCA,4,No,1.0,0.2
32,Bot T28 125cc Pvc Farmacologica Cristal,1401240,297,6,1782,1050,0.011,Ø28 FARMA,5,19,1.0,0.2
33,Bot T28 125cc Pvc Farmacologica Ambar,1401246,297,6,1782,1050,0.011,Ø28 FARMA,5,19,1.0,0.2
34,Bot T28 150cc Pvc Farmacologica Cristal,1401540,572,6,3432,1070,0.014,Ø28 FARMA,5,19,1.0,0.2
35,Bot T28 150cc Pvc Farmacologica Ambar,1401546,572,6,3432,1070,0.014,Ø28 FARMA,5,19,1.0,0.2
36,Bot T29 165cc Mod 05/i PVC Dosif Cristal,1202050,255,12,3060,1000,0.012,Ø29 FLIP TOP,5,19,1.0,0.2
37,Bot 200cc Upa Lala Rosca Blanco,1632002,441,0,1,1100,0.018,NO,5,19,1.0,0.2
38,Bot 200cc Upa Lala Rosca Cristal,1632000,441,0,1,1100,0.018,NO,5,19,1.0,0.2
39,Bot 250cc PP Mod Aromatizante Guma,8802501,880,0,1,650,0.022,NO,5,19,1.0,0.2
40,Bot 390 cc Mod Grido Blanco,1205050800601,288,0,1,850,0.036,NO,5,19,1.0,0.2
41,Bot 400 cc Mod JAMER Blanco,1205051800602,380,0,1,850,0.027,NO,5,19,1.0,0.2
42,Bot 500cc Pulv. PVC Mod Viejo Cristal,1280500,540,2,1080,540,0.044,NO,5,19,1.0,0.2
43,Bot 500cc Pulv. PVC Mod Viejo Blanco,1280502,540,2,1080,540,0.044,NO,5,19,1.0,0.2
44,Bot 660 cc Mod JAMER PVC Blanco,1205051800603,180,0,1,550,0.037,NO,14,5,1.0,0.2
45,Bot 1000cc Mod Lavandina ECO Amarillo,7010003,392,2,784,640,0.036,Ø 28 LOOKLEES,7,No,1.0,0.2
46,"Bot 1,00 Polietileno Eco-Lubricante ECO Negro",70100004,360,2,720,600,0.050,Ø38 (PEX1mm),7,No,1.0,0.2
47,Bot 2.00 Lavandina ECO Amarillo,7020003,210,2,420,600,0.068,Ø 28 LOOKLEES,26,No,1.0,0.2
48,"Bot T 29 0,10 Pet Mod PORTA Nuevo ",6201230,1472,4,5888,1900,0.021,NO,10,17,1.0,0.2
49,"Bot T 28 0,10 Pet Mod Aceite Nuevo - Porta FASON",6401230451001,1472,4,5888,2000,0.017,NO,10,17,1.0,0.2
50,Bot 160cc Dosificador Pomo 1/3 PET,6416010,220,15,3300,2600,0.020,Ø29 FLIP TOP,10,17,1.0,0.2
51,"Bot T 29 0,19 Pet Mod Vanoli",6201901037901,960,2,1920,3400,0.017,Ø29 ACEITE,18,No,2.0,0.2
52,"Bot T 29 0,20 Pet Mod Slim Cristal",6202040,1190,2,2380,2100,0.026,Ø29 ACEITE,10,17,1.0,0.2
53,"Bot T 29 0,20 Pet Mod Slim Cristal - AGD FASON",6202240605601,1190,2,2380,2100,0.026,NO,10,17,1.0,0.2
54,"Bot T 29 0,20 Pet Mod Slim Verde Olivo",6202545,1190,2,2380,2100,0.026,Ø29 ACEITE,10,17,1.0,0.2
55,"Bot T 28 0,25 Pet Mod 02 (campanita)",6402520,870,2,1740,2300,0.020,Ø28 ROSCA,11,12,1.0,0.2
56,"Bot T 28 0,25 Pet Mod Farmacologica Cristal",6402540,1140,2,2280,2300,0.020,Ø28 FARMA,11,12,1.0,0.2
57,"Bot T 28 0,25 Pet Mod Farmacologica Ambar",6402740,1140,2,2280,2300,0.025,Ø28 FARMA,11,12,1.0,0.2
58,"Bot T 29 0,25 Pet mod Osito ",6202510,144,6,864,1800,0.020,Ø29 FLIP TOP,10,17,1.0,0.2
59,"Bot T 28 0,25 Pet mod Osito ",6402510,144,6,864,1800,0.020,Ø28 ROSCA,10,17,1.0,0.2
60,"Bot T 29 0,25 Pet Mod Slim Cristal",6203040,1190,2,2380,2500,0.026,Ø29 ACEITE,10,17,1.0,0.2
61,"Bot T 29 0,25 Pet Mod Slim Verde Olivo",6203045,1190,2,2380,2500,0.026,Ø29 ACEITE,10,17,1.0,0.2
62,Bot T 29 0.25 Pet Mod Oliovita Verde Olivo,6202555,1050,2,2100,1900,0.026,NO,10,17,1.0,0.2
63,Bot T 29 0.25 Pet Mod Solfrut Verde Olivo,6202135855201,1144,2,2288,1900,0.026,NO,10,17,1.0,0.2
64,"Bot T29 0,25 Mod Lemon VANOLI",6202544037901,1404,2,2808,2500,0.022,Ø29 ACEITE,10,17,1.0,0.2
65,"Bot T29 0,25 Aceite Cuadrado Mod Nuevo Cristal",6202030,1144,2,2288,2500,0.020,Ø29 ACEITE,10,17,1.0,0.2
66,"Bot T29 0,25 Aceite Cuadrado Mod Nuevo Verde Olivo",6202035,1144,2,2288,2500,0.017,Ø29 ACEITE,10,17,1.0,0.2
67,Bot 250cc Dosificador Pomo 1/1 PET,6402530,864,4,3456,2300,0.020,Ø29 FLIP TOP,10,17,1.0,0.2
68,"Bot T 29 0,27 Pet Salsa Mod Vanoli",6202701037901,820,3,2460,3500,0.022,Ø29 ACEITE,18,No,2.0,0.2
69,Bot T 28 0.273 Pet Mod Ultra Guma ,6403000148201,1008,3,3024,3500,0.022,NO,18,No,2.0,0.2
70,"Bot T 29 0,33 Pet Mod 01 / Dosificador Chato",6204010,120,15,1800,2240,0.026,Ø29 FLIP TOP,10,17,1.0,0.2
71,"Bot T 28 0,35 Pet Gaseosa Mod 01 Cristal",6403010,882,2,1764,2300,0.022,Ø28 ROSCA,11,12,1.0,0.2
72,"Bot T 29 0,35 Pet Mod Vanoli Cristal",6203501037901,936,2,1872,3400,0.026,Ø29 ACEITE,18,No,2.0,0.2
73,"Bot T 29 0,35 Pet Mod Vanoli Ambar",6203507037901,936,2,1872,3400,0.026,Ø29 ACEITE,18,No,2.0,0.2
74,"Bot T 29 0,35 Pet Mod DELPACK Cristal 26 gramos",6403301,1056,3,3168,3100,0.026,Ø28 rosca corta,18,No,2.0,0.2
75,Bot 360cc Dosificador Pomo 1 PET,6436010,704,4,2816,2300,0.020,Ø29 FLIP TOP,10,17,1.0,0.2
76,"Bot T 28 0,50 Pet Mod 01 Agua-soda ",6405010,882,2,1764,2300,0.022,Ø28 ROSCA,11,12,1.0,0.2
77,"Bot T 28 0,50 Pet ROSCA CORTA Mod 03",6405031,990,2,1980,3400,0.020,Ø28 rosca corta,18,24,2.0,0.2
78,"Bot T 28 0,50 Pet Mod 03 ",6405030,990,2,1980,3900,0.022,Ø28 ROSCA,18,24,2.0,0.2
79,Bot T28 0.50 Pet Desodorante Mod Nuevo,6405330,990,2,1980,3900,0.022,Ø28 ROSCA,18,No,2.0,0.2
80,Bot T28 0.50 Pet Mod 03 Agua Lagoa - FASON,6405030150601,990,2,1980,3900,0.022,NO,18,24,2.0,0.2
81,"Bot T 28 0,50 Pet Mod 11",6405110,990,2,1980,3900,0.022,Ø28 ROSCA,18,24,1.0,0.2
82,"Bot T 28 0,50 Pet Mod Farmacologica Cristal",6405040,936,2,1872,2300,0.025,Ø28 ROSCA,11,12,1.0,0.2
83,"Bot T 28 0,50 Pet Mod Farmacologica Blanco",6405042,936,2,1872,2300,0.025,Ø28 ROSCA,11,12,1.0,0.2
84,"Bot T 28 0,50 Pet Mod Farmacologica Ambar",6405740,936,2,1872,2300,0.025,Ø28 ROSCA,11,12,1.0,0.2
85,"Bot T 28 0,50 Pet Mod Slim Cristal INCLUYE INSERTO",6405400,816,2,1632,1400,0.052,Ø28 ROSCA,11,12,1.0,0.2
86,"Bot T 28 0,50 Pet Mod Slim Verde Olivo INCLUYE INSERTO",6405044,816,2,1632,1400,0.052,Ø28 ROSCA,11,12,1.0,0.2
87,"Bot T 28 0,50 Pet Mod Slim Azul SIN INSERTO",6405401,816,2,1632,1400,0.052,Ø28 ROSCA,11,12,1.0,0.2
88,Bot T 28 0.50 Pet Mod Beer,6405647,560,2,1120,2300,0.025,Ø28 ROSCA,11,12,1.0,0.2
89,Bot T 29 0.50 Pet Mod Oliovita Verde Olivo,6205054,1020,2,2040,2300,0.026,NO,10,17,1.0,0.2
90,"Bot T 29 0,50 Pet Mod Nuevo Aceite Redondo Cristal",6205330,945,2,1890,3900,0.022,Ø29 ACEITE,10,17,2.0,0.2
91,"Bot T 38 0,50 Mod 03 Nuevo Cristal",6405050,840,2,1680,2100,0.024,Ø 38 ROSCA,17,No,1.0,0.2
92,"Bot T 38 0,50 Modelo VOSS Cristal",6405060,840,2,1680,2100,0.024,Ø 38 ROSCA,17,No,1.0,0.2
93,"Bot T 38 0,50 Modelo VOSS Cristal Reforzado",6405061,840,2,1680,2100,0.029,Ø 38 ROSCA,17,No,1.0,0.2
94,"Bot T29 0,50 Mod Lemon VANOLI",6205044037901,915,2,1830,2400,0.026,Ø29 ACEITE,10,17,1.0,0.2
95,"Bot T29 0,50 Aceite Cuadrado Mod Nuevo Cristal",6205110,1020,2,2040,2400,0.026,Ø29 ACEITE,10,17,1.0,0.2
96,"Bot T29 0,50 Aceite Cuadrado Mod Nuevo Verde Olivo",6205115,1020,2,2040,2400,0.026,Ø29 ACEITE,10,17,1.0,0.2
97,Bot T29 0.50 Pet Mod Solfrut Nuevo Verde Olivo,6205135855201,1020,2,2040,2100,0.035,Ø29 ACEITE,10,17,1.0,0.2
98,"Bot T29 0,50 Pet Vinagre Mod Nuevo Verde Limón",6205064,1023,2,2046,2400,0.022,Ø29 ACEITE,10,17,1.0,0.2
99,"Bot T29 0,50 Pet Vinagre Mod Nuevo Cristal",6205060,1023,2,2046,2400,0.022,Ø29 ACEITE,10,17,1.0,0.2
100,Bot T 28 0.545 Pet Mod Ultra Guma Cristal,6404501148201,442,2,884,3400,0.033,NO,18,No,2.0,0.2
101,"Bot T 28 0,60 Pet Mod Detergente Cristal Push pull",6406020,720,2,1440,3600,0.033,Ø 28 PUSH PULL,18,24,2.0,0.2
102,"Bot T 28 0,60 Pet Mod 03 Cristal",6406030,894,2,1788,3900,0.022,Ø28 ROSCA,18,24,2.0,0.2
103,Bot T28 0.60 Pet Mod 03 Agua Lagoa - FASON,6406030320301,894,2,1788,3900,0.022,NO,18,24,2.0,0.2
104,Bot T28 0.60 Pet Mod 03 Agua SPORT Lagoa - FASON,6406030320302,894,2,1788,3900,0.022,NO,18,24,2.0,0.2
105,"Bot T 38 0,60 Mod 03 Nuevo Cristal",6406040,840,2,1680,2100,0.029,Ø 38 ROSCA,17,No,1.0,0.2
106,Bot T 28 0.73 Pet Mod Guma Cristal,6408010,792,2,1584,2300,0.033,NO,11,12,1.0,0.2
107,"Bot T 28 0,75 Pet Mod Detergente Nuevo Cristal Push Pull",6407500,870,2,1740,2300,0.025,Ø 28 PUSH PULL,11,12,1.0,0.2
108,Bot T 28 0.80 Pet Mod Jabon Liquido,6408020,606,2,1212,2300,0.033,Ø28 ROSCA,11,12,1.0,0.2
109,"Bot T29 0,83 Aceite Mod Nuevo Agro Aceitera",6208330,675,1,675,2900,0.022,NO,24,17,1.0,0.2
110,"Bot T 28 0,90 Pet Mod Desod Nueva ",6409230,900,1,900,3900,0.025,Ø28 ROSCA,24,18,1.0,0.2
111,"Bot T 29 0,90 Pet Mod Aceite Nuevo Verde Olivo",6209234,900,1,900,3900,0.026,Ø29 ACEITE,24,18,1.0,0.2
112,"Bot T 29 0,90 Pet Mod Aceite Nuevo Cristal",6209230,900,1,900,3900,0.022,Ø29 ACEITE,24,18,1.0,0.2
113,Bot T29 0.90 Mod Nv Sin etiqueta Norpan,6209230567402,900,1,900,3900,0.022,NO,24,18,1.0,0.2
114,Bot T28 0.90 Pet Mod 03 Des .x 1028 bot,6409030,1028,1,1028,2400,0.025,Ø28 ROSCA,17,10,1.0,0.2
115,"Bot T 28 0,90 Pet Mod Cleaning Cristal",6409060,704,1,704,2300,0.025,Ø28 ROSCA,11,12,1.0,0.2
116,"Bot T 28 0,92 Pet Mod 12 Sidra Verde",6409120,784,1,784,2000,0.040,Ø28 ROSCA,11,12,1.0,0.2
117,"Bot T 28 0,95 Pet Mod 12 Vino Verde",6409524,450,1,450,2300,0.033,Ø28 ROSCA,11,12,1.0,0.2
118,Bot T28 0.95 Pet Mod 12 Vino Cristal,6409520,450,1,450,2300,0.033,Ø28 ROSCA,11,12,1.0,0.2
119,"Bot T 28 1,00 Pet Mod Desod Nvo ",6410230,900,1,900,3900,0.028,Ø28 ROSCA,24,18,1.0,0.2
120,"Bot T 29 1,00 Pet Mod Aceite Nuevo",6210230,900,1,900,3900,0.029,Ø29 ACEITE,10,17,1.0,0.2
121,"Bot T 28 1,00 Pet Mod 12 Borgoña Verde",6409124,392,2,784,2300,0.040,Ø28 ROSCA,11,12,1.0,0.2
122,"Bot T 28 1,00 Pet Mod Cleaning Ambar",6410067,704,1,704,2300,0.025,Ø28 ROSCA,11,12,1.0,0.2
123,"Bot T 28 1,00 Pet Mod Cleaning Cristal",6410060,704,1,704,2300,0.025,Ø28 ROSCA,11,12,1.0,0.2
124,"Bot T28 1,00 Pet Mod Cleaning 40gr Cristal Morales",6410060029002,704,1,704,2300,0.040,Ø28 ROSCA,11,12,1.0,0.2
125,Bot T 28 1.00 Pet Mod Sport Cristal ,6410050,900,1,900,2300,0.030,Ø28 ROSCA,11,12,1.0,0.2
126,"Bot T 28 1,00 Pet Mod 02 Amargo Ambar",6410027,450,2,900,2400,0.040,Ø28 ROSCA,10,17,1.0,0.2
127,"Bot T 28 1,00 Pet Mod 02 Amargo Cristal",6410020,450,2,900,2400,0.040,Ø28 ROSCA,10,17,1.0,0.2
128,Bot T28 1.00 Pet Gaseosa Mod 01 Cristal,6410010,450,2,900,2000,0.052,Ø28 ROSCA,10,17,1.0,0.2
129,"Bot T 28 1,00 Pet Mod Beer ambar",6410016,450,2,900,2000,0.052,Ø28 ROSCA,10,17,1.0,0.2
130,"Bot T 28 1,00 Pet Mod Slim Cristal - INCLUYE INSERTO",6410040,468,2,936,1800,0.056,Ø28 ROSCA,11,12,1.0,0.2
131,"Bot T 28 1,00 Pet Mod Slim Verde Olivo - INCLUYE INSERTO",6410044,468,2,936,1800,0.056,Ø28 ROSCA,11,12,1.0,0.2
132,"Bot T 28 1,00 Pet Mod Slim Verde Limon GAROTUC-C/INSERTO",64100044179601,468,2,936,1800,0.058,Ø28 ROSCA,11,12,1.0,0.2
133,"Bot T 28 1,00 Pet Manija Insinuada",6410110,504,2,1008,2300,0.040,Ø28 ROSCA,11,12,1.0,0.2
134,Bot T 45 1.00 Pet Mod SPRAYTEC Verde Olivo Sin tapa,6410065,352,2,704,1100,0.890,NO,27,No ,1.0,0.2
135,Bot T 45 1.00 Pet Mod Agro Cristal Incluye tapa inducción,6410070,352,2,704,1100,0.890,Ø46 IND OVT030 PET,16,No,1.0,0.2
136,Bot T 45 1.00 Pet Mod Agro Verde Olivo Incluye tapa inducción,6410075,352,2,704,1100,0.890,Ø46 IND OVT030 PET,16,No,1.0,0.2
137,Bot T 45 1.00 Pet Mod Agro Ambar Incluye tapa inducción,6410076,352,2,704,1100,0.890,Ø46 IND OVT030 PET,16,No,1.0,0.2
138,Bot T 45 1.00 Pet Mod Agro Blanco Incluye tapa inducción,6410072,352,2,704,1100,0.890,Ø46 IND OVT030 PET,16,No,1.0,0.2
139,Bot T 29 1.00 Pet Mod Oliovita Verde Olivo,6210044855201,416,1,416,2300,0.035,NO,10,17,1.0,0.2
140,Bot T29 1.00 Pet Aceite Cuadrado Mod Nuevo Cristal,6210210,390,2,780,2400,0.035,Ø29 ACEITE,10,17,1.0,0.2
141,Bot T29 1.00 Pet Aceite Cuadrado Mod Nuevo Verde Olivo,6210315,390,2,780,2400,0.035,Ø29 ACEITE,10,17,1.0,0.2
142,Bot T29 1.00 Pet Pinciroli Mod Nuevo Cristal,6210050,864,1,864,2400,0.035,NO,10,17,1.0,0.2
143,"Bot T 28 1,25 Pet Sifon Mod CASTELLANA",641251000701,254,1,254,600,0.062,NO,11,12,2.0,0.2
144,"Bot T 28 1,25 Pet Sifon Mod UEB ",6415010006701,254,1,254,600,0.062,NO,11,12,2.0,0.2
145,"Bot T28 1,50 Pet Mod 03 Jugo Cristal - FASON",6415030,676,1,676,2300,0.040,NO,17,10,2.0,0.2
146,"Bot T 28 1,50 Pet Mod 15 Cristal Petaloide",6415150,676,1,676,2300,0.040,Ø28 ROSCA,11,12,1.0,0.2
147,"Bot T 28 1,50 Pet Mod 14 Cristal",6415140,704,1,704,2300,0.040,Ø28 ROSCA,11,12,1.0,0.2
148,Bot T28 1.50 Pet Mod 14 Agua Lagoa - FASON,6415140320301,704,1,704,2300,0.040,NO,11,12,1.0,0.2
149,Bot T 28 1.50 Pet Mod 12 Borgoña ,6415124,532,1,532,2300,0.048,Ø28 ROSCA,11,12,1.0,0.2
150,"Bot T 28 1,50 Pet Mod 11 Sidra",6415114,532,1,532,2200,0.048,Ø28 ROSCA,11,12,1.0,0.2
151,"Bot T 28 1,50 Pet Mod 01 Gasificado Cristal",6415010,704,1,704,2400,0.044,Ø28 ROSCA,17,10,1.0,0.2
152,"Bot T 29 1,50 Pet Mod Aceite Nuevo Cristal",6215230,676,1,676,2400,0.035,Ø29 ACEITE,17,10,1.0,0.2
153,"Bot T 28 1,50 Pet Mod Beer",6415647,300,1,300,1800,0.052,Ø28 ROSCA,11,12,1.0,0.2
154,Bot T 28 1.75 Pet Mod 01 Sifón Petaloide Azul,6420011,508,1,508,1800,0.052,NO,11,12,1.0,0.2
155,Bot T 28 1.75 Pet Mod 01 Sifón Petaloide Cristal,6420012,508,1,508,1800,0.052,NO,11,12,1.0,0.2
156,"Bot T 28 1,80 Pet Mod 03 Cristal",6418030,576,1,576,2300,0.044,Ø28 ROSCA,11,12,1.0,0.2
157,"Bot T 28 2,00 Pet Mod 03 Cristal",6420030,508,1,508,2300,0.040,Ø28 ROSCA,11,12,1.0,0.2
158,Bot T28 2.00 Pet Mod 03 Cris Agua Lagoa - FASON,6420030150601,508,1,508,2300,0.040,NO,11,12,1.0,0.2
159,Bot T28 2.00 Pet Mod 03 Crista Agua Mami - FASON,6420030320302,508,1,508,2300,0.040,NO,11,12,1.0,0.2
160,"Bot T 28 2,00 Pet Mod Beer",6420647,242,1,242,1800,0.056,Ø28 ROSCA,11,12,1.0,0.2
161,"Bot T 28 2,25 Pet Mod 01 Gasif Verde",6422014,532,1,532,2300,0.048,Ø28 ROSCA,11,12,1.0,0.2
162,"Bot T 28 2,25 Pet Mod 01 Gasif Cristal",6422010,532,1,532,2300,0.048,Ø28 ROSCA,11,12,1.0,0.2
163,"Bot T 28 2,25 Pet Mod Sifon Base Petalo Azul",6422011,222,1,222,1800,0.052,NO,11,12,1.0,0.2
164,Bot T28 3.00 Pet Mod 03 Cristal A/azul,6430120,288,1,288,1800,0.056,Ø28 ROSCA,11,12,2.0,0.2
165,"Bot T28 3,25 Pet Mod Rumipal Cristal",6430100784901,384,1,384,1800,0.062,NO,11,12,1.0,0.2
166,Bot T 36 2.00 Pet Mod Aceite Cuadrado insinuada Verde Olivo,6220334,220,2,440,1300,0.064,Ø 36 ACEITE,16,No,1.0,0.2
167,Bot T 36 2.00 Pet Mod Aceite Cuadrado insinuada Cristal,6220330,220,2,440,1300,0.064,Ø 36 ACEITE,16,No,1.0,0.2
168,Bid T 45 2.00 Pet Mod 03 Cristal Manija incrustada Verde Oliv,6420430,192,2,384,1100,0.079,Ø45 ROS CORTA,27,No,2.0,0.2
169,BID T 45 2.00 Pet Mod Growler CON MANIJA AMBAR,6420016,166,2,332,600,0.089,Ø45 ROS LARGA,16,No,2.0,0.2
170,Bid T36 2.00 Pet Mod 03 Cristal MI Verd Oli,6220020,177,2,354,1100,0.064,Ø 36 ACEITE,27,No,2.0,0.2
171,Bid T 36 2.00 Pet Mod 03 MANIJA INCRUSTADA Verde Olivo,6220025,177,2,354,1100,0.064,Ø 36 ACEITE,27,No,2.0,0.2
172,Bot T 36 3.00 Pet Mod 01 oil MANIJA INSINUADA,6230010,385,1,385,1300,0.064,Ø 36 ACEITE,27,No,1.0,0.2
173,Bot T36 3.00 Pet Mod 01 Sin etiqueta Norpan,6230010567402,385,1,385,1300,0.064,Ø 36 ACEITE,27,No,1.0,0.2
174,Bid T 45 3.00 Pet Mod 03 MANIJA INCRUSTADA,6430430,177,1,177,1100,0.079,Ø45 ROS CORTA,27,No,2.0,0.2
175,Bid T 36 3.00 Pet Mod 02 CRISTAL manija incrustada Verde Oliv,6230420,213,1,213,1100,0.064,Ø 36 ACEITE,27,No,2.0,0.2
176,Bid T 45 4.00 Pet Mod 03 CON ASA,6440300,252,1,252,1600,0.079,Ø45 ROS CORTA,21,No,1.0,0.2
177,Bid T 45 4.00 Pet Mod 03 Cristal Manija inc AZUL ,6440130,177,1,177,1200,0.089,Ø45 ROS LARGA,21,No,2.0,0.2
178,Bid T 45 4.50 Pet Mod 03 CUADRADO CON ASA Verde,6450431,252,1,252,1600,0.079,Ø45 ROS CORTA,21,No,1.0,0.2
179,"Bid T 45 4,75 Pet Mod Damajuana Verde Olivo ASA ROJA",6447056,164,1,164,1600,0.079,Ø45 ROS CORTA,21,No,1.0,0.2
180,"Bid T 45 4,75 Pet Mod Damajuana Verde Olivo ASA Cristal",6447001,164,1,164,1600,0.079,Ø45 ROS CORTA,21,No,1.0,0.2
181,"Bid 5,00 Lt Pet Mod 02 Cristal M/Azul",6450120,184,1,184,1500,0.089,Ø45 ROS LARGA,21,27,3.0,0.2
182,"Bid T 45 5,00 Pet Mod 02 CON MANIJA - VERDE OLIVO",6450425,184,1,184,1500,0.089,Ø45 ROS LARGA,21,27,3.0,0.2
183,Bid T 45 5.00 Pet Mod 03 pico corto Cristal CON ASA Cristal,6450400,220,1,220,1600,0.079,Ø45 ROS CORTA,21,27,1.0,0.2
184,Bid T 45 5.00 Pet Mod 03 pico corto Verde Olivo CON ASA Verde,6450405,220,1,220,1600,0.079,Ø45 ROS CORTA,21,27,1.0,0.2
185,Bid T45 5.00 Mod 03 Sin etiqueta Norpan,6450300567402,220,1,220,1600,0.079,Ø45 ROS CORTA,21,27,1.0,0.2
186,Bid T 45 5.00 Pet Mod 03 pico largo Cristal CON ASA Cristal,6450300,220,1,220,1600,0.089,Ø45 ROS LARGA,21,27,1.0,0.2
187,Bid T 45 5.00 Pet Mod 03 pico largo ambar CON ASA Cristal,6450036,220,1,220,1600,0.089,Ø45 ROS LARGA,21,27,1.0,0.2
188,Bid T 45 5.00 Pet Mod Chop cassaro pico largo,6450018470202,176,1,176,680,0.089,Ø45 ROS LARGA,16,No,1.0,0.2
189,Bid T 45 6.00 Pet Mod 03 CON ASA Cristal,6460400,165,1,165,1600,0.079,Ø45 ROS CORTA,21,No,1.0,0.2
190,Bid T 45 6.50 Pet Mod 03 CON ASA,6465030,126,1,126,1500,0.089,Ø45 ROS LARGA,21,No,1.0,0.2
191,Bid T 45 6.50 Pet Mod 03 CON ASA Agua PENT SIN TAPAS,6465030678701,126,1,126,1500,0.089,SIN TAPA,21,No,1.0,0.2
192,Bid T45 6.50 Pet Mod 03 lagoa cafe permeke - FASON,6465030320301,126,1,126,1500,0.089,Ø45 ROS LARGA,21,No,1.0,0.2
193,"Bid T 45 8,00 Pet Mod 01 Redondo azul CON ASA azul",6480112,120,1,120,650,0.135,Ø45 ROS LARGA,16,No,1.0,0.2
194,"Bid T 45 10,00 Pet Mod 01 Redondo CON ASA",6410021,99,1,99,620,0.141,Ø45 ROS LARGA,16,No,1.0,0.2
195,Bid T45 10.00 Pet Mod 01 Agua Ideal,6410021100801,99,1,99,620,0.141,Ø45 ROS LARGA,16,No,1.0,0.2
196,"Bid T 45 10,00 Pet Mod 03 Cuadrado CON ASA",6410001,90,1,90,620,0.141,Ø45 ROS LARGA,16,No,1.0,0.2
197,"Bid T 45 10,00 Pet Mod Cassaro",6410026470202,66,1,66,600,0.141,Ø45 ROS LARGA,16,No,2.0,0.2
198,Fco 180cc   P01/2 I/S T60 Rosca ,6451200,488,6,2928,1400,0.025,Ø60 Rosca,28,29,2.0,0.2
199,Fco 400cc   P01 I/S T60 Rosca ,6435030,488,6,2928,1660,0.025,Ø60 Rosca,28,29,2.0,0.2
200,Fco 750cc   P03 I/S T77 Rosca,6475030,280,4,1120,1250,0.035,Ø77 Rosca,28,29,2.0,0.2
201,Fco 1500cc P09 I/S T77 Rosca,6450090,384,2,768,940,0.055,Ø77 Rosca,28,29,2.0,0.2
202,Fco 3000cc P10 I/S T100 Rosca,6400100,231,1,231,560,0.100,Ø100 Rosca,28,29,2.0,0.2
203,BOT. 750 CC Vino VERDE ROSCA,6409515,560,1,560,1200,0.055,SIN TAPA,28,29,1.0,0.2
204,ECO BID. 5 LTS TOP HANDLE  Blanco Peletizado,7050010,204,1,204,430,0.120,Ø38 (PEX1mm),31,No ,1.0,0.2
205,ECO BID. 5 LTS TOP HANDLE  Blanco Peletizado REFORZADO,7050015,204,1,204,400,0.160,Ø38 (PEX1mm),31,No,1.0,0.2
206,ECO BID. 5 LTS TOP HANDLE  Amarillo Peletizado,7050012,204,1,204,430,0.120,Ø38 (PEX1mm),31,No,1.0,0.2
207,Bid T38 5.00 ECO-BIDON Negro TOP HANDLE,7050011,204,1,204,430,0.120,Ø38 (PEX1mm),31,No,1.0,0.2
208,BID 5 LTS TOP VIRGEN. TOP HANDLE  ,7050013,204,1,204,400,0.120,Ø38 (PEX1mm),31,No,1.0,0.2
209,ECO BID. 5 LTS  BLEND 85/15 APILABLE Blanco,7050014,136,1,136,350,0.210,Ø46 IND - OVT029,31,No,1.0,0.2
210,ECO BID. 10 LTS  BLEND 85/15 APILABLE Blanco,7010310,90,1,90,350,0.450,Ø46 IND - OVT029,31,No,1.0,0.2
211,ECO BID. 20 LTS  BLEND 85/15 1050 GRS,7020310,48,1,48,160,1.100,Ø63 oblea IND.,23,32,1.0,0.2
212,Bid T64 20.00 1050gr ECO-BIDON Amarillo,7020313,48,1,48,160,1.100,Ø63 oblea IND.,23,32,1.0,0.2
213,Bid T64 20.00 ECO-Bidon 1050gr Azul,7020306,48,1,48,160,1.100,Ø63 oblea IND.,23,32,1.0,0.2
214,Bid T64 20.00 ECO-Bidon 1050gr Gris,7020324,48,1,48,160,1.100,Ø63 oblea IND.,23,32,1.0,0.2
215,Bid T64 20.00 ECO-Bidon 1050gr Negro,7020319,48,1,48,160,1.100,Ø63 oblea IND.,23,32,1.0,0.2
216,Bid T64 20.00 ECO-Bidon 1050gr Rojo,7020318,48,1,48,160,1.100,Ø63 oblea IND.,23,32,1.0,0.2
217,ECO BID. 20 LTS  BLEND 85/15 1250 GRS,7020311,48,1,48,160,1.250,Ø63 oblea IND.,23,32,1.0,0.2
218,Bid T64 20.00 ECO-Bidon 1250gr Tricapa Azul,7020316,48,1,48,160,1.250,Ø63 oblea IND.,23,32,1.0,0.2
219,Bid T64 20.00 PEAPM 1250gr ECO-Bid Amarillo,7020315,48,1,48,160,1.250,Ø63 oblea IND.,23,32,1.0,0.2
220,Bid T64 20.00 PEAPM 1250gr ECO-Bid Rojo,7020320,48,1,48,160,1.250,Ø63 oblea IND.,23,32,1.0,0.2
221,BID 20 LTS VIRGEN. 1100 GRS,7020330,48,1,48,160,1.100,Ø63 oblea IND.,23,32,1.0,0.2
222,BID 20 LTS VIRGEN. 700 GRS,7020307,48,1,48,200,0.700,Ø63 oblea IND.,23,32,1.0,0.2
223,ECO BID. 25 LTS  BLEND 85/15 1250 GRS,7025010,48,1,48,150,1.250,Ø63 oblea IND.,23,32,1.0,0.2
224,Tambor 85 lts Tapa ø240- Rejilla - Oring,3223,1,11,11,37,3,Tapa Tambor,22,No,2.0,0.2
225,Tambor 240 lts Tapa ø240 - Rejilla - Oring,2574,1,4,4,41,6,Tapa Tambor,22,No,2.0,0.2
226,Tambor L-Ring Tapa ø63 x 2 - Oring x 2,3100,1,4,4,26,8,Tapa 63 L-Ring,22,No,2.0,0.2
227,"Tambor L-Ring Tapa ø63 x 2 - Oring x 2 Reforzado 8,6Kgs",3102,1,4,4,26,8.6,Tapa 63 L-Ring,22,No,2.0,0.2
228,Tapa 65 amarillo,3865003,900,,,2100,9.5,N/A,25,No,0.5,0.2
229,Tapa 65 blanco ,3865002,900,,,2100,9.5,N/A,25,No,0.5,0.2
230,Tapa 65 negro ,3865007,900,,,2100,9.5,N/A,25,No,0.5,0.2
231,Tapa 65 rojo,3865005,900,,,2100,9.5,N/A,25,No,0.5,0.2
232,Tapa 65 verde ,3865004,900,,,2100,9.5,N/A,25,No,0.5,0.2
233,Tapa 65 gris ,3865011,900,,,2100,9.5,N/A,25,No,0.5,0.2
234,Tapa 65 marrón ,3865006,900,,,2100,9.5,N/A,25,No,0.5,0.2
235,Tapa 100 amarillo ,3810003,500,,,1000,18.5,N/A,2,No,0.5,0.2
236,Tapa 100 azul ,3810001,500,,,1000,18.5,N/A,2,No,0.5,0.2
237,Tapa 100 blanco ,3810002,500,,,1000,18.5,N/A,2,No,0.5,0.2
238,Tapa 100 negro ,3810006,500,,,1000,18.5,N/A,2,No,0.5,0.2
239,Tapa 100 rojo ,3810005,500,,,1000,18.5,N/A,2,No,0.5,0.2
240,Tapa 100 verde,3810004,500,,,1000,18.5,N/A,2,No,0.5,0.2
241,Tapa 29 Flip Top Caro Amarillo,3829003,3500,,,1500,4.5,N/A,3,No,1.0,0.2
242,Tapa 29 Flip Top Caro Azul,3829001,3500,,,1500,4.5,N/A,3,No,1.0,0.2
243,Tapa 29 Flip Top Caro Blanco ,3829002,3500,,,1500,4.5,N/A,3,No,1.0,0.2
244,Tapa 29 Flip Top Marrón Claro ,3829007,3500,,,1500,4.5,N/A,3,No,1.0,0.2
245,Tapa 29 Flip Top Marrón Oscura,3829006,3500,,,1500,4.5,N/A,3,No,1.0,0.2
246,Tapa 29 Flip Top Rojo ,3829005,3500,,,1500,4.5,N/A,3,No,1.0,0.2
247,Tapa 29 Flip Top Verde,3829004,3500,,,1500,4.5,N/A,3,No,1.0,0.2
248,Manijas Caro Mic. 100 NUEVA Blanco,3710021,500,,,1800,8,N/A,30,No,1.0,0.2
249,Conjunto Tapa Tambor Gris,2600,18,,,33,325.6,N/A,3,No,1.0,0.2
250,Conjunto Tapa Tambor Negro ,2601,18,,,33,325.6,N/A,3,No,1.0,0.2
251,Rejilla de Tapa Tambor Negra,2523,120,,,210,36,N/A,1,No,1.0,0.2
252,Oring cristal p/ Tapa de Tambor,2579,350,,,350,35.5,N/A,1,No,1.0,0.2
253,Tapa 63 Rosca externa P/Lring Cristal,3863112,500,,,210,29,N/A,1,No,1.0,0.2
254,Oring cristal p/ Tapa de L-Ring,2680,5000,,,450,23,N/A,3,No,1.0,0.2
255,Manija 3-6-A mod incrustado Amarillo,3172023,1000,,,1900,13,N/A,30,No,1.0,0.2
256,Manija 3-6-A mod incrustado Azul,3172021,1000,,,1900,13,N/A,30,No,1.0,0.2
257,Manija 3-6-A mod incrustado Negro,3172020,1000,,,1900,13,N/A,30,No,1.0,0.2
258,Manija 3-6-A mod incrustado Verde Olivo,3172024,1000,,,1900,13,N/A,30,No,1.0,0.2
259,Manijas Caro (bid. Pet 5 Lts.) 60 Amari,3706023,250,,,700,27,N/A,3,No,1.0,0.2
260,Manijas Caro (bid. Pet 5 Lts.) 60 Azul,3706021,250,,,700,27,N/A,3,No,1.0,0.2
261,Manijas Caro (bid. Pet 5 Lts.) 60 Negro,3706037,250,,,700,27,N/A,3,No,1.0,0.2
262,Manijas Caro (bid. Pet 5 Lts.) 60 Verde,3706024,250,,,700,27,N/A,3,No,1.0,0.2
263,Tapa 60 Rosca CON LABIO Caro Amarillo,3860017,1300,,,5000,9,N/A,30,No,1.0,0.2
264,Tapa 60 Rosca CON LABIO Caro Blanco,3860002,1300,,,5000,9,N/A,30,No,1.0,0.2
265,Tapa 60 Rosca CON LABIO Caro Rojo,3860016,1300,,,5000,9,N/A,30,No,1.0,0.2
266,Tapa 60 Rosca CON OBLEA Caro Amarillo,3860013,1300,,,5000,6,N/A,30,No,1.0,0.2
267,Tapa 60 Rosca CON OBLEA Caro Blanco,3860012,1300,,,5000,6,N/A,30,No,1.0,0.2
268,Tapa 60 Rosca CON OBLEA Caro Rojo,3860014,1300,,,5000,6,N/A,30,No,1.0,0.2
269,Tapa 60 Rosca CON OBLEA Caro Verde,3860015,1300,,,5000,6,N/A,30,No,1.0,0.2
270,Tapa 60 Rosca para oblea SIN OBLEA Caro Amarillo,3860020,1300,,,5000,9,N/A,30,No,1.0,0.2
271,Tapa 77 Rosca CON LABIO Caro Amarillo,3880002,600,,,4000,9,N/A,30,No,1.0,0.2
272,Tapa 77 Rosca CON LABIO Caro Blanco,3880001,600,,,4000,9,N/A,30,No,1.0,0.2
273,Tapa 77 Rosca CON LABIO Caro Negro,3880015,600,,,4000,9,N/A,30,No,1.0,0.2
274,Tapa 77 Rosca CON LABIO Caro Rojo,3880003,600,,,4000,9,N/A,30,No,1.0,0.2
275,Tapa 77 Rosca CON OBLEA Caro Amarillo,38800131,600,,,4000,9,N/A,30,No,1.0,0.2
276,Tapa 77 Rosca CON OBLEA Caro Blanco,38800110,600,,,4000,9,N/A,30,No,1.0,0.2
277,Tapa 77 Rosca CON OBLEA Caro Rojo,3880012,600,,,4000,9,N/A,30,No,1.0,0.2
278,Tapa 77 Rosca CON OBLEA Caro Verde,3880014,600,,,4000,9,N/A,30,No,1.0,0.2
279,Tapa 100 Rosca CON LABIO Caro Amarillo,3810009,350,,,2400,16,N/A,30,No,1.0,0.2
280,Tapa 100 Rosca CON LABIO Caro Blanco,3810007,350,,,2400,16,N/A,30,No,1.0,0.2
281,Tapa 100 Rosca CON OBLEA Caro Amarillo,3810072,350,,,2400,15,N/A,30,No,1.0,0.2
282,Tapa 100 Rosca CON OBLEA Caro Blanco,3810071,350,,,2400,15,N/A,30,No,1.0,0.2
283,Tapa 100 Rosca CON OBLEA Caro Rojo,3810074,350,,,2400,15,N/A,30,No,1.0,0.2